<?xml version="1.0" encoding="UTF-8"?>
<project-private xmlns="http://www.netbeans.org/ns/project-private/1">
    <editor-bookmarks xmlns="http://www.netbeans.org/ns/editor-bookmarks/2" lastBookmarkId="0"/>
    <open-files xmlns="http://www.netbeans.org/ns/projectui-open-files/2">
        <group>
            <file>file:/Users/thanhphatchau/Library/CloudStorage/OneDrive-VietNamNationalUniversity-HCMINTERNATIONALUNIVERSITY/Study%20Docs/recent%20semester/Web%20Application%20Development/lab/lab4/lab4/web/index.jsp</file>
            <file>file:/Users/thanhphatchau/Library/CloudStorage/OneDrive-VietNamNationalUniversity-HCMINTERNATIONALUNIVERSITY/Study%20Docs/recent%20semester/Web%20Application%20Development/lab/lab4/lab4/src/java/SimpleCookies.java</file>
        </group>
    </open-files>
</project-private>
